[
  {
    "contentLength" : 5,
    "likes" : 161,
    "index" : 0,
    "publisher" :  "植物医生",
    "publishDate" :  "2021-05-13",
    "coverRate" : 1.2
  },
  {
    "contentLength" : 4,
    "likes" : 567,
    "index" : 1,
    "publisher" :  "植物医生",
    "publishDate" :  "2020-04-07",
    "coverRate" : 1.48
  },
  {
    "contentLength" : 8,
    "likes" : 68,
    "index" : 2,
    "publisher" :  "果子",
    "publishDate" :  "2021-05-02",
    "coverRate" : 1.1
  }
]